{
  "addons": {
    "job-analyzer@charliegdeburiatte.com": {
      "updates": [
        {
          "version": "1.0.0",
          "update_link": "https://github.com/charliegdeburiatte-hub/Job-Application-Analyzer/releases/download/v1.0.0/job-application-analyzer-v1.0.0-signed.xpi"
        },
        {
          "version": "1.0.1",
          "update_link": "https://github.com/charliegdeburiatte-hub/Job-Application-Analyzer/releases/download/v1.0.1/job-application-analyzer-v1.0.1-signed.xpi"
        },
        {
          "version": "1.0.2",
          "update_link": "https://github.com/charliegdeburiatte-hub/Job-Application-Analyzer/releases/download/v1.0.2/job-application-analyzer-v1.0.2-signed.xpi"
        },
        {
          "version": "1.0.3",
          "update_link": "https://github.com/charliegdeburiatte-hub/Job-Application-Analyzer/releases/download/v1.0.3/job-application-analyzer-v1.0.3-signed.xpi"
        },
        {
          "version": "1.0.4",
          "update_link": "https://github.com/charliegdeburiatte-hub/Job-Application-Analyzer/releases/download/v1.0.4/job-application-analyzer-v1.0.4-signed.xpi"
        },
        {
          "version": "1.0.5",
          "update_link": "https://github.com/charliegdeburiatte-hub/Job-Application-Analyzer/releases/download/v1.0.5/job-application-analyzer-v1.0.5-signed.xpi"
        },
        {
          "version": "1.0.6",
          "update_link": "https://github.com/charliegdeburiatte-hub/Job-Application-Analyzer/releases/download/v1.0.6/job-application-analyzer-v1.0.6-signed.xpi"
        },
        {
          "version": "1.0.7",
          "update_link": "https://github.com/charliegdeburiatte-hub/Job-Application-Analyzer/releases/download/v1.0.7/job-application-analyzer-v1.0.7-signed.xpi"
        },
        {
          "version": "1.0.8",
          "update_link": "https://github.com/charliegdeburiatte-hub/Job-Application-Analyzer/releases/download/v1.0.8/job-application-analyzer-v1.0.8-signed.xpi"
        },
        {
          "version": "1.0.9",
          "update_link": "https://github.com/charliegdeburiatte-hub/Job-Application-Analyzer/releases/download/v1.0.9/job-application-analyzer-v1.0.9-signed.xpi"
        },
        {
          "version": "1.1.0",
          "update_link": "https://github.com/charliegdeburiatte-hub/Job-Application-Analyzer/releases/download/v1.1.0/job-application-analyzer-v1.1.0-signed.xpi"
        },
        {
          "version": "1.1.1",
          "update_link": "https://github.com/charliegdeburiatte-hub/Job-Application-Analyzer/releases/download/v1.1.1/job-application-analyzer-v1.1.1-signed.xpi"
        },
        {
          "version": "1.1.2",
          "update_link": "https://github.com/charliegdeburiatte-hub/Job-Application-Analyzer/releases/download/v1.1.2/job-application-analyzer-v1.1.2-signed.xpi"
        },
        {
          "version": "1.2.0",
          "update_link": "https://github.com/charliegdeburiatte-hub/Job-Application-Analyzer/releases/download/v1.2.0-alpha/job-application-analyzer-v1.2.0-signed.xpi"
        },
        {
          "version": "1.2.1",
          "update_link": "https://github.com/charliegdeburiatte-hub/Job-Application-Analyzer/releases/download/v1.2.1/job-application-analyzer-v1.2.1-signed.xpi"
        }
      ]
    }
  }
}
